{
  "track_id": 4,
  "phase": "LOCKED",
  "seen_frames": 22,
  "plate_hits": 9,
  "locked_text": "冀JC5210",
  "locked_confidence": 1.0,
  "locked_frame": 293,
  "locked_consensus": {
    "text": "冀JC5210",
    "event_count": 3,
    "total_window_events": 9,
    "exact_count": 3,
    "strong_count": 3,
    "distinct_frames": [
      287,
      292,
      293
    ],
    "mean_confidence": 0.9485967953999838,
    "mean_position_ratio": 1.0,
    "min_position_ratio": 1.0,
    "lock_strategy": "rk_adaptive_exact_text"
  },
  "lock_deferred_reason": "exact text votes",
  "lock_attempts": 9,
  "plate_anchor": {
    "x1": 0.2583540081977844,
    "y1": 0.7803767919540405,
    "x2": 0.46460020542144775,
    "y2": 0.8702463507652283
  },
  "locked_plate_anchor": {
    "x1": 0.2583540081977844,
    "y1": 0.7803767919540405,
    "x2": 0.46460020542144775,
    "y2": 0.8702463507652283
  },
  "motion_model": "kalman_box_cv_with_plate_anchor",
  "kalman_state": {
    "cx_cy_w_h": [
      451.174,
      879.547,
      259.699,
      209.545
    ],
    "vx_vy_vw_vh": [
      -11.123,
      12.979,
      6.791,
      5.846
    ]
  },
  "last_box": [
    312,
    778,
    578,
    994
  ],
  "last_detection_frame": 301,
  "last_plate_attempt_frame": 293,
  "plate_attempts": 9,
  "vote_history": [
    "辽153R10",
    "冀JE5210",
    "冀JC5210",
    "冀JCS218",
    "冀JCS218",
    "辽AC5216",
    "冀JC521G",
    "冀JC5210",
    "冀JC5210"
  ],
  "vote_events": [
    {
      "frame_idx": 280,
      "text": "辽153R10",
      "confidence": 0.7093280553817749,
      "source": "plate",
      "predicted": false,
      "vehicle_confidence": 0.66552734375,
      "candidate_score": 0.5271278615583779,
      "obb_confidence": 0.93994140625,
      "weight": 0.5253529309390198
    },
    {
      "frame_idx": 286,
      "text": "冀JE5210",
      "confidence": 0.8399600386619568,
      "source": "plate",
      "predicted": false,
      "vehicle_confidence": 0.7763671875,
      "candidate_score": 0.5509679679365747,
      "obb_confidence": 0.9609375,
      "weight": 0.6386533783050331
    },
    {
      "frame_idx": 287,
      "text": "冀JC5210",
      "confidence": 0.8660148978233337,
      "source": "plate",
      "predicted": false,
      "vehicle_confidence": 0.80126953125,
      "candidate_score": 0.5571552029850779,
      "obb_confidence": 0.9658203125,
      "weight": 0.6627368073409414
    },
    {
      "frame_idx": 288,
      "text": "冀JCS218",
      "confidence": 0.8716181516647339,
      "source": "plate",
      "predicted": false,
      "vehicle_confidence": 0.80712890625,
      "candidate_score": 0.5583709428594065,
      "obb_confidence": 0.9609375,
      "weight": 0.6658875089972838
    },
    {
      "frame_idx": 289,
      "text": "冀JCS218",
      "confidence": 0.8698859810829163,
      "source": "plate",
      "predicted": false,
      "vehicle_confidence": 0.8046875,
      "candidate_score": 0.5585026190103425,
      "obb_confidence": 0.9609375,
      "weight": 0.6646203408579778
    },
    {
      "frame_idx": 290,
      "text": "辽AC5216",
      "confidence": 0.8471431136131287,
      "source": "plate",
      "predicted": false,
      "vehicle_confidence": 0.74169921875,
      "candidate_score": 0.5622313770815005,
      "obb_confidence": 0.95849609375,
      "weight": 0.6479848609548835
    },
    {
      "frame_idx": 291,
      "text": "冀JC521G",
      "confidence": 0.955146849155426,
      "source": "plate",
      "predicted": false,
      "vehicle_confidence": 0.8447265625,
      "candidate_score": 0.5662411301953609,
      "obb_confidence": 0.9638671875,
      "weight": 0.7344815561848695
    },
    {
      "frame_idx": 292,
      "text": "冀JC5210",
      "confidence": 0.9915913343429565,
      "source": "plate",
      "predicted": false,
      "vehicle_confidence": 0.72900390625,
      "candidate_score": 0.5687975836812389,
      "obb_confidence": 0.96337890625,
      "weight": 0.7635610455495104
    },
    {
      "frame_idx": 293,
      "text": "冀JC5210",
      "confidence": 0.9881841540336609,
      "source": "plate",
      "predicted": false,
      "vehicle_confidence": 0.771484375,
      "candidate_score": 0.5733910709706047,
      "obb_confidence": 0.96923828125,
      "weight": 0.7654429811805469
    }
  ],
  "vote_counts": {
    "辽153R10": 1,
    "冀JE5210": 1,
    "冀JC5210": 3,
    "冀JCS218": 2,
    "辽AC5216": 1,
    "冀JC521G": 1
  },
  "rejected_reasons": {},
  "rejected_count": 0,
  "rejected_candidates": [],
  "topk": 5,
  "candidates": [
    {
      "rank": 1,
      "frame_idx": 293,
      "track_id": 4,
      "score": 0.5733910709706047,
      "subscores": {
        "plate_area_score": 0.12290721854493022,
        "sharpness_score": 0.6702112397981119,
        "exposure_score": 0.9923177083333333,
        "contrast_score": 0.8353868816544551,
        "obb_score": 0.96923828125
      },
      "raw_metrics": {
        "plate_area": 614.5360927246511,
        "laplacian_variance": 101.54739747683206,
        "gray_std": 53.464760425885125,
        "clipped_ratio": 0.003841145833333333,
        "obb_confidence": 0.96923828125
      },
      "geometry": {
        "width": 42.61618423461914,
        "height": 14.420251846313477,
        "aspect": 2.9553009676120134,
        "center_x": 508.82574462890625,
        "center_y": 831.5257568359375,
        "vehicle_overlap": 1.0
      },
      "vehicle_confidence": 0.771484375,
      "vehicle_box_xyxy": [
        434,
        697,
        641,
        860
      ],
      "plate_corners_xy": [
        [
          487.5566711425781,
          824.201416015625
        ],
        [
          530.1722412109375,
          824.4301147460938
        ],
        [
          530.0948486328125,
          838.8501586914062
        ],
        [
          487.4792785644531,
          838.6214599609375
        ]
      ],
      "files": {
        "full": "full_rank1.jpg",
        "vehicle": "vehicle_rank1.jpg",
        "plate": "plate_rank1.jpg"
      },
      "ocr": {
        "text": "冀JC5210",
        "confidence": 0.9881841540336609,
        "engine": "hyperlpr3"
      }
    },
    {
      "rank": 2,
      "frame_idx": 292,
      "track_id": 4,
      "score": 0.5687975836812389,
      "subscores": {
        "plate_area_score": 0.1119632567603141,
        "sharpness_score": 0.6656021715043045,
        "exposure_score": 0.9936197916666667,
        "contrast_score": 0.8454893298883758,
        "obb_score": 0.96337890625
      },
      "raw_metrics": {
        "plate_area": 559.8162838015705,
        "laplacian_variance": 98.33343124283687,
        "gray_std": 54.11131711285605,
        "clipped_ratio": 0.0031901041666666666,
        "obb_confidence": 0.96337890625
      },
      "geometry": {
        "width": 41.48320388793945,
        "height": 13.495011329650879,
        "aspect": 3.073965843718387,
        "center_x": 521.373046875,
        "center_y": 816.7691650390625,
        "vehicle_overlap": 1.0
      },
      "vehicle_confidence": 0.72900390625,
      "vehicle_box_xyxy": [
        450,
        686,
        645,
        843
      ],
      "plate_corners_xy": [
        [
          500.6211242675781,
          810.053466796875
        ],
        [
          542.104248046875,
          809.9898071289062
        ],
        [
          542.125,
          823.4848022460938
        ],
        [
          500.6418151855469,
          823.5484619140625
        ]
      ],
      "files": {
        "full": "full_rank2.jpg",
        "vehicle": "vehicle_rank2.jpg",
        "plate": "plate_rank2.jpg"
      },
      "ocr": {
        "text": "冀JC5210",
        "confidence": 0.9915913343429565,
        "engine": "hyperlpr3"
      }
    },
    {
      "rank": 3,
      "frame_idx": 291,
      "track_id": 4,
      "score": 0.5662411301953609,
      "subscores": {
        "plate_area_score": 0.10931350704208016,
        "sharpness_score": 0.665926881292675,
        "exposure_score": 0.98828125,
        "contrast_score": 0.8357443209283039,