{
  "track_id": 2,
  "locked_text": null,
  "locked_frame": null,
  "locked_consensus": null,
  "plate_hits": 17,
  "vote_history": [],
  "vote_events": [],
  "rejected_reasons": {},
  "candidates": [
    {
      "frame_idx": 300,
      "track_id": 2,
      "score": 0.5935983180408766,
      "subscores": {
        "plate_area_score": 0.16432047675549985,
        "sharpness_score": 0.6931365254686316,
        "exposure_score": 0.998046875,
        "contrast_score": 0.8229558416086213,
        "obb_score": 0.96142578125
      },
      "metrics": {
        "plate_area": 821.6023837774992,
        "laplacian_variance": 119.14631395869785,
        "gray_std": 52.669173862951766,
        "clipped_ratio": 0.0009765625,
        "obb_confidence": 0.96142578125
      },
      "obb_score": 0.96142578125,
      "plate_area": 821.6023837774992,
      "corners": [
        [
          395.81561279296875,
          929.5271606445312
        ],
        [
          446.140625,
          929.5078735351562
        ],
        [
          446.1468505859375,
          945.8338012695312
        ],
        [
          395.8218688964844,
          945.8530883789062
        ]
      ],
      "vehicle_box": [
        333,
        765,
        585,
        970
      ],
      "vehicle_conf": 0.8046875,
      "ocr_text": "csee",
      "ocr_conf": 0.38824462890625,
      "rank": 1
    },
    {
      "frame_idx": 299,
      "track_id": 2,
      "score": 0.5862629555245751,
      "subscores": {
        "plate_area_score": 0.14484203553199768,
        "sharpness_score": 0.695548001897806,
        "exposure_score": 0.996875,
        "contrast_score": 0.8118118626903413,
        "obb_score": 0.9619140625
      },
      "metrics": {
        "plate_area": 724.2101776599884,
        "laplacian_variance": 121.1647547361586,
        "gray_std": 51.955959212181845,
        "clipped_ratio": 0.0015625,
        "obb_confidence": 0.9619140625
      },
      "obb_score": 0.9619140625,
      "plate_area": 724.2101776599884,
      "corners": [
        [
          413.8177490234375,
          909.5371704101562
        ],
        [
          461.726806640625,
          909.6473388671875
        ],
        [
          461.6920166015625,
          924.7636108398438
        ],
        [
          413.782958984375,
          924.6534423828125
        ]
      ],
      "vehicle_box": [
        353,
        753,
        600,
        948
      ],
      "vehicle_conf": 0.666015625,
      "ocr_text": "电C52IG",
      "ocr_conf": 0.2905375162760417,
      "rank": 2
    },
    {
      "frame_idx": 297,
      "track_id": 2,
      "score": 0.582457312783791,
      "subscores": {
        "plate_area_score": 0.1287949090950191,
        "sharpness_score": 0.6898937371034504,
        "exposure_score": 0.9929036458333333,
        "contrast_score": 0.8489339534449927,
        "obb_score": 0.9658203125
      },
      "metrics": {
        "plate_area": 643.9745454750955,
        "laplacian_variance": 116.48452860090468,
        "gray_std": 54.33177302047953,
        "clipped_ratio": 0.0035481770833333333,
        "obb_confidence": 0.9658203125
      },
      "obb_score": 0.9658203125,
      "plate_area": 643.9745454750955,
      "corners": [
        [
          460.86859130859375,
          855.3006591796875
        ],
        [
          505.209228515625,
          854.9775390625
        ],
        [
          505.31500244140625,
          869.5001220703125
        ],
        [
          460.9743957519531,
          869.8232421875
        ]
      ],
      "vehicle_box": [
        405,
        717,
        628,
        892
      ],
      "vehicle_conf": 0.673828125,
      "ocr_text": "s2a",
      "ocr_conf": 0.21903483072916666,
      "rank": 3
    },
    {
      "frame_idx": 298,
      "track_id": 2,
      "score": 0.5799100576897189,
      "subscores": {
        "plate_area_score": 0.1281234844505787,
        "sharpness_score": 0.685812129517967,
        "exposure_score": 0.9958333333333333,
        "contrast_score": 0.8336616802662634,
        "obb_score": 0.9658203125
      },
      "metrics": {
        "plate_area": 640.6174222528934,
        "laplacian_variance": 113.21787715911864,
        "gray_std": 53.35434753704086,
        "clipped_ratio": 0.0020833333333333333,
        "obb_confidence": 0.9658203125
      },
      "obb_score": 0.9658203125,
      "plate_area": 640.6174222528934,
      "corners": [
        [
          445.9786376953125,
          872.5888671875
        ],
        [
          491.64794921875,
          872.6588745117188
        ],
        [
          491.62640380859375,
          886.6861572265625
        ],
        [
          445.9571533203125,
          886.6161499023438
        ]
      ],
      "vehicle_box": [
        391,
        729,
        620,
        909
      ],
      "vehicle_conf": 0.72509765625,
      "ocr_text": "Cs2IG",
      "ocr_conf": 0.38232421875,
      "rank": 4
    },
    {
      "frame_idx": 296,
      "track_id": 2,
      "score": 0.5779768559911534,
      "subscores": {
        "plate_area_score": 0.12503180623948573,
        "sharpness_score": 0.6790264357609661,
        "exposure_score": 0.9946614583333333,
        "contrast_score": 0.8443357432904364,
        "obb_score": 0.96875
      },
      "metrics": {
        "plate_area": 625.1590311974287,
        "laplacian_variance": 107.98683916621738,
        "gray_std": 54.03748757058793,
        "clipped_ratio": 0.0026692708333333334,
        "obb_confidence": 0.96875
      },
      "obb_score": 0.96875,
      "plate_area": 625.1590311974287,
      "corners": [
        [
          474.6009521484375,
          839.2484741210938
        ],
        [
          518.3963623046875,
          839.449951171875
        ],
        [
          518.3306884765625,
          853.7241821289062
        ],
        [
          474.5352783203125,
          853.522705078125
        ]
      ],
      "vehicle_box": [
        421,
        707,
        634,
        876
      ],
      "vehicle_conf": 0.77978515625,
      "ocr_text": "sze",
      "ocr_conf": 0.3070068359375,
      "rank": 5
    }
  ]
}