{
  "track_id": 2,
  "seen_frames": 80,
  "plate_hits": 16,
  "locked_text": null,
  "locked_confidence": null,
  "locked_frame": null,
  "locked_consensus": null,
  "vote_history": [],
  "vote_events": [],
  "vote_counts": {},
  "topk": 5,
  "candidates": [
    {
      "rank": 1,
      "frame_idx": 243,
      "track_id": 2,
      "score": 0.6475130340630778,
      "subscores": {
        "plate_area_score": 0.26155,
        "sharpness_score": 0.7594303501907466,
        "exposure_score": 0.9782552083333333,
        "contrast_score": 0.8674432593464105,
        "obb_score": 0.9465882182121277
      },
      "raw_metrics": {
        "plate_area": 1307.75,
        "laplacian_variance": 188.9418668577406,
        "gray_std": 55.516368598170274,
        "clipped_ratio": 0.010872395833333333,
        "obb_confidence": 0.9465882182121277
      },
      "geometry": {
        "width": 63.558753967285156,
        "height": 20.574106216430664,
        "aspect": 3.089259542974779,
        "center_x": 316.281982421875,
        "center_y": 1064.515869140625,
        "vehicle_overlap": 1.0
      },
      "vehicle_confidence": 0.7603444457054138,
      "vehicle_box_xyxy": [
        217,
        846,
        509,
        1080
      ],
      "plate_corners_xy": [
        [
          347.87548828125,
          1075.3603515625
        ],
        [
          348.2373962402344,
          1054.7894287109375
        ],
        [
          284.6884765625,
          1053.67138671875
        ],
        [
          284.3265686035156,
          1074.2423095703125
        ]
      ],
      "files": {
        "full": "full_rank1.jpg",
        "vehicle": "vehicle_rank1.jpg",
        "plate": "plate_rank1.jpg"
      }
    },
    {
      "rank": 2,
      "frame_idx": 242,
      "track_id": 2,
      "score": 0.6196379250737587,
      "subscores": {
        "plate_area_score": 0.2376,
        "sharpness_score": 0.7035072004283238,
        "exposure_score": 0.9924479166666667,
        "contrast_score": 0.8252043071102377,
        "obb_score": 0.9403814673423767
      },
      "raw_metrics": {
        "plate_area": 1188.0,
        "laplacian_variance": 128.07049568070306,
        "gray_std": 52.813075655055215,
        "clipped_ratio": 0.0037760416666666667,
        "obb_confidence": 0.9403814673423767
      },
      "geometry": {
        "width": 59.03610610961914,
        "height": 20.12409210205078,
        "aspect": 2.9336034545182272,
        "center_x": 339.89129638671875,
        "center_y": 1036.0311279296875,
        "vehicle_overlap": 1.0
      },
      "vehicle_confidence": 0.7600553631782532,
      "vehicle_box_xyxy": [
        239,
        828,
        526,
        1063
      ],
      "plate_corners_xy": [
        [
          369.063720703125,
          1047.05517578125
        ],
        [
          369.7232666015625,
          1026.94189453125
        ],
        [
          310.7188720703125,
          1025.007080078125
        ],
        [
          310.059326171875,
          1045.120361328125
        ]
      ],
      "files": {
        "full": "full_rank2.jpg",
        "vehicle": "vehicle_rank2.jpg",
        "plate": "plate_rank2.jpg"
      }
    },
    {
      "rank": 3,
      "frame_idx": 241,
      "track_id": 2,
      "score": 0.5937000196301664,
      "subscores": {
        "plate_area_score": 0.2088125,
        "sharpness_score": 0.6622485885989007,
        "exposure_score": 0.9983072916666667,
        "contrast_score": 0.7891006934367865,
        "obb_score": 0.9328490495681763
      },
      "raw_metrics": {
        "plate_area": 1044.0625,
        "laplacian_variance": 96.05842352549236,
        "gray_std": 50.50244437995433,
        "clipped_ratio": 0.0008463541666666667,
        "obb_confidence": 0.9328490495681763
      },
      "geometry": {
        "width": 55.281476974487305,
        "height": 18.886486053466797,
        "aspect": 2.927038773543576,
        "center_x": 402.14056396484375,
        "center_y": 959.68212890625,
        "vehicle_overlap": 1.0
      },
      "vehicle_confidence": 0.8078149557113647,
      "vehicle_box_xyxy": [
        314,
        778,
        565,
        990
      ],
      "plate_corners_xy": [
        [
          429.72894287109375,
          969.2772216796875
        ],
        [
          429.83282470703125,
          950.3909912109375
        ],
        [
          374.55218505859375,
          950.0870361328125
        ],
        [
          374.44830322265625,
          968.9732055664062
        ]
      ],
      "files": {
        "full": "full_rank3.jpg",
        "vehicle": "vehicle_rank3.jpg",
        "plate": "plate_rank3.jpg"
      }
    },
    {
      "rank": 4,
      "frame_idx": 240,
      "track_id": 2,
      "score": 0.5866427600960125,
      "subscores": {
        "plate_area_score": 0.2096,
        "sharpness_score": 0.641473831611501,
        "exposure_score": 0.9975260416666667,
        "contrast_score": 0.7698490296714585,
        "obb_score": 0.9422680139541626
      },
      "raw_metrics": {
        "plate_area": 1048.0,
        "laplacian_variance": 83.08140190972222,
        "gray_std": 49.270337898973345,
        "clipped_ratio": 0.0012369791666666666,
        "obb_confidence": 0.9422680139541626
      },
      "geometry": {
        "width": 53.365081787109375,
        "height": 19.63763427734375,
        "aspect": 2.717490357210569,
        "center_x": 420.7239990234375,
        "center_y": 938.0802001953125,
        "vehicle_overlap": 1.0
      },
      "vehicle_confidence": 0.7879102826118469,
      "vehicle_box_xyxy": [
        334,
        766,
        585,
        966
      ],
      "plate_corners_xy": [
        [
          447.40460205078125,
          947.9042358398438
        ],
        [
          447.4084777832031,
          928.2666015625
        ],
        [
          394.04339599609375,
          928.256103515625
        ],
        [
          394.0395202636719,
          947.8937377929688
        ]
      ],
      "files": {
        "full": "full_rank4.jpg",
        "vehicle": "vehicle_rank4.jpg",
        "plate": "plate_rank4.jpg"
      }
    },
    {
      "rank": 5,
      "frame_idx": 237,
      "track_id": 2,
      "score": 0.5668057583661104,
      "subscores": {
        "plate_area_score": 0.1744,
        "sharpness_score": 0.6227374477650972,
        "exposure_score": 0.9968098958333333,
        "contrast_score": 0.7598303745859353,
        "obb_score": 0.9344000220298767
      },
      "raw_metrics": {
        "plate_area": 872.0,
        "laplacian_variance": 72.87247667842442,
        "gray_std": 48.62914397349986,
        "clipped_ratio": 0.0015950520833333333,
        "obb_confidence": 0.9344000220298767
      },
      "geometry": {
        "width": 50.201576232910156,
        "height": 17.36927032470703,
        "aspect": 2.890252457036183,
        "center_x": 483.97564697265625,
        "center_y": 862.9371337890625,
        "vehicle_overlap": 1.0
      },
      "vehicle_confidence": 0.7938093543052673,
      "vehicle_box_xyxy": [
        406,
        718,
        623,
        887
      ],
      "plate_corners_xy": [
        [
          509.0682067871094,
          871.6455078125
        ],
        [
          509.0846252441406,
          854.2762451171875
        ],
        [
          458.8830871582031,
          854.228759765625
        ],
        [
          458.86663818359375,
          871.5980224609375
        ]
      ],
      "files": {
        "full": "full_rank5.jpg",
        "vehicle": "vehicle_rank5.jpg",
        "plate": "plate_rank5.jpg"
      }
    }
  ],
  "rejected_count": 5,
  "rejected_candidates": [
    {
      "rank": 1,
      "frame_idx": 217,
      "track_id": 2,
      "reason": "plate/vehicle area ratio 0.049 > 0.04",
      "obb_score": 0.8946380019187927,
      "plate_area": 481.5,
      "geometry": {
        "width": 36.163448333740234,
        "height": 13.311511039733887,
        "aspect": 2.71670498005786,
        "center_x": 680.365478515625,