{
  "stats": {
    "vehicle_detection_frames": 334,
    "vehicle_prediction_frames": 666,
    "gated:vehicle confidence": 63,
    "gated:vehicle dimensions": 24,
    "vehicles_ready": 2,
    "vehicles_ready_detected": 2,
    "plate_attempts": 2,
    "obb_candidates": 2,
    "ocr_skipped:none": 2,
    "accepted_candidates": 2,
    "plate_detect_locks": 2,
    "frames_processed": 1000,
    "start_frame": 0,
    "elapsed_seconds": 83.138
  },
  "tracks": {
    "4": {
      "track_id": 4,
      "locked_text": "PLATE",
      "locked_frame": 280,
      "locked_consensus": {
        "source": "plate_detect",
        "obb_confidence": 0.93994140625,
        "candidate_score": 0.5271278615583779,
        "plate_area": 334.33379181846976
      },
      "plate_anchor": {
        "x1": 0.2924332022666931,
        "y1": 0.774444043636322,
        "x2": 0.5082160830497742,
        "y2": 0.879852831363678
      },
      "locked_plate_anchor": {
        "x1": 0.2924332022666931,
        "y1": 0.774444043636322,
        "x2": 0.5082160830497742,
        "y2": 0.879852831363678
      },
      "motion_model": "kalman_box_cv_with_plate_anchor",
      "kalman_state": {
        "cx_cy_w_h": [
          451.589,
          879.542,
          252.267,
          210.247
        ],
        "vx_vy_vw_vh": [
          -11.108,
          12.92,
          6.148,
          5.833
        ]
      },
      "last_box": [
        313,
        777,
        574,
        993
      ],
      "last_detection_frame": 301,
      "last_plate_attempt_frame": 280,
      "plate_attempts": 1,
      "plate_hits": 1,
      "vote_history": [],
      "vote_events": [],
      "rejected_reasons": {},
      "candidates": [
        {
          "frame_idx": 280,
          "track_id": 4,
          "score": 0.5271278615583779,
          "subscores": {
            "plate_area_score": 0.06686675836369395,
            "sharpness_score": 0.6138676862145171,
            "exposure_score": 0.9924479166666667,
            "contrast_score": 0.7670286214172986,
            "obb_score": 0.93994140625
          },
          "metrics": {
            "plate_area": 334.33379181846976,
            "laplacian_variance": 68.48155425919427,
            "gray_std": 49.08983177070711,
            "clipped_ratio": 0.0037760416666666667,
            "obb_confidence": 0.93994140625
          },
          "obb_score": 0.93994140625,
          "plate_area": 334.33379181846976,
          "corners": [
            [
              612.5255126953125,
              685.060791015625
            ],
            [
              643.015380859375,
              684.6399536132812
            ],
            [
              643.1666870117188,
              695.603271484375
            ],
            [
              612.6768188476562,
              696.0241088867188
            ]
          ],
          "vehicle_box": [
            571,
            601,
            713,
            709
          ],
          "vehicle_conf": 0.67333984375,
          "ocr_text": null,
          "ocr_conf": 0.0,
          "rank": 1
        }
      ]
    },
    "5": {
      "track_id": 5,
      "locked_text": "PLATE",
      "locked_frame": 745,
      "locked_consensus": {
        "source": "plate_detect",
        "obb_confidence": 0.9619140625,
        "candidate_score": 0.4616477938618399,
        "plate_area": 1068.9356724768877
      },
      "plate_anchor": {
        "x1": 0.5494371652603149,
        "y1": 0.5860894322395325,
        "x2": 0.7490440607070923,
        "y2": 0.6744661331176758
      },
      "locked_plate_anchor": {
        "x1": 0.5494371652603149,
        "y1": 0.5860894322395325,
        "x2": 0.7490440607070923,
        "y2": 0.6744661331176758
      },
      "motion_model": "kalman_box_cv_with_plate_anchor",
      "kalman_state": {
        "cx_cy_w_h": [
          1297.143,
          793.582,
          207.959,
          161.785
        ],
        "vx_vy_vw_vh": [
          -14.95,
          -20.229,
          -11.318,
          -9.264
        ]
      },
      "last_box": [
        1196,
        717,
        1408,
        883
      ],
      "last_detection_frame": 751,
      "last_plate_attempt_frame": 745,
      "plate_attempts": 1,
      "plate_hits": 1,
      "vote_history": [],
      "vote_events": [],
      "rejected_reasons": {},
      "candidates": [
        {
          "frame_idx": 745,
          "track_id": 5,
          "score": 0.4616477938618399,
          "subscores": {
            "plate_area_score": 0.21378713449537753,
            "sharpness_score": 0.5748599668450245,
            "exposure_score": 0.3446614583333333,
            "contrast_score": 0.6647368173495043,
            "obb_score": 0.9619140625
          },
          "metrics": {
            "plate_area": 1068.9356724768877,
            "laplacian_variance": 52.06759845309788,
            "gray_std": 42.543156310368275,
            "clipped_ratio": 0.32766927083333336,
            "obb_confidence": 0.9619140625
          },
          "obb_score": 0.9619140625,
          "plate_area": 1068.9356724768877,
          "corners": [
            [
              1414.0401611328125,
              952.7991943359375
            ],
            [
              1470.4161376953125,
              951.8701171875
            ],
            [
              1470.728515625,
              970.8258056640625
            ],
            [
              1414.3525390625,
              971.7548828125
            ]
          ],
          "vehicle_box": [
            1258,
            820,
            1542,
            1045
          ],
          "vehicle_conf": 0.7939453125,
          "ocr_text": null,
          "ocr_conf": 0.0,
          "rank": 1
        }
      ]
    }
  },
  "ignored_tracks": {
    "1": {
      "plate_hits": 0,
      "rejected_reasons": {},
      "reason": "no accepted Top-K candidate"
    },
    "2": {
      "plate_hits": 0,
      "rejected_reasons": {},
      "reason": "no accepted Top-K candidate"
    },
    "3": {
      "plate_hits": 0,
      "rejected_reasons": {},
      "reason": "no accepted Top-K candidate"
    },
    "6": {
      "plate_hits": 0,
      "rejected_reasons": {},
      "reason": "no accepted Top-K candidate"
    },
    "7": {
      "plate_hits": 0,
      "rejected_reasons": {},
      "reason": "no accepted Top-K candidate"
    },
    "8": {
      "plate_hits": 0,
      "rejected_reasons": {},
      "reason": "no accepted Top-K candidate"
    },
    "9": {
      "plate_hits": 0,
      "rejected_reasons": {},
      "reason": "no accepted Top-K candidate"
    },
    "10": {
      "plate_hits": 0,
      "rejected_reasons": {},
      "reason": "no accepted Top-K candidate"
    }
  }
}