{
  "stats": {
    "vehicle_detection_frames": 334,
    "vehicle_prediction_frames": 666,
    "gated:vehicle confidence": 60,
    "gated:vehicle dimensions": 12,
    "vehicles_ready": 6,
    "vehicles_ready_detected": 3,
    "plate_attempts": 6,
    "ocr_pre:hyperlpr3": 6,
    "obb_candidates": 4,
    "ocr:hyperlpr3": 4,
    "accepted_candidates": 4,
    "skipped:plate attempt interval": 3,
    "vehicles_ready_predicted": 3,
    "ocr_pre_votes": 4,
    "ocr_pre_locks": 2,
    "gated:vehicle center outside process ROI": 3,
    "frames_processed": 1000,
    "start_frame": 0,
    "elapsed_seconds": 86.499
  },
  "tracks": {
    "3": {
      "track_id": 3,
      "locked_text": "冀JC5210",
      "locked_frame": 288,
      "locked_consensus": {
        "text": "冀JC5210",
        "event_count": 3,
        "min_position_ratio": 0.6899619858906534,
        "mean_position_ratio": 0.9483269976484422,
        "province_position_ratio": 1.0,
        "all_position_ratios": [
          1.0,
          1.0,
          1.0,
          1.0,
          1.0,
          1.0,
          0.6899619858906534
        ]
      },
      "plate_anchor": {
        "x1": 0.29672348499298096,
        "y1": 0.7678758502006531,
        "x2": 0.5005149245262146,
        "y2": 0.8607499003410339
      },
      "locked_plate_anchor": {
        "x1": 0.29672348499298096,
        "y1": 0.7678758502006531,
        "x2": 0.5005149245262146,
        "y2": 0.8607499003410339
      },
      "motion_model": "kalman_box_cv_with_plate_anchor",
      "kalman_state": {
        "cx_cy_w_h": [
          451.686,
          875.216,
          250.847,
          206.886
        ],
        "vx_vy_vw_vh": [
          -10.955,
          12.435,
          5.832,
          5.538
        ]
      },
      "last_box": [
        313,
        778,
        569,
        992
      ],
      "last_detection_frame": 301,
      "last_plate_attempt_frame": 288,
      "plate_attempts": 4,
      "plate_hits": 3,
      "vote_history": [
        "冀JC5210",
        "冀JC5210",
        "冀JC5218"
      ],
      "vote_events": [
        {
          "frame_idx": 286,
          "text": "冀JC5210",
          "confidence": 0.7952295541763306,
          "weight": 0.44731662422418594
        },
        {
          "frame_idx": 286,
          "text": "冀JC5210",
          "confidence": 0.7952295541763306,
          "weight": 0.6042144812201602
        },
        {
          "frame_idx": 288,
          "text": "冀JC5218",
          "confidence": 0.8400195240974426,
          "weight": 0.4725109823048115
        }
      ],
      "rejected_reasons": {},
      "candidates": [
        {
          "frame_idx": 286,
          "track_id": 3,
          "score": 0.5494826930602733,
          "subscores": {
            "plate_area_score": 0.07862951939702034,
            "sharpness_score": 0.6560212327916964,
            "exposure_score": 0.9870442708333333,
            "contrast_score": 0.8095677268380721,
            "obb_score": 0.96142578125
          },
          "metrics": {
            "plate_area": 393.1475969851017,
            "laplacian_variance": 91.97120554182264,
            "gray_std": 51.812334517636614,
            "clipped_ratio": 0.006477864583333334,
            "obb_confidence": 0.96142578125
          },
          "obb_score": 0.96142578125,
          "plate_area": 393.1475969851017,
          "corners": [
            [
              564.0364379882812,
              739.4583129882812
            ],
            [
              598.806884765625,
              738.5917358398438
            ],
            [
              599.0885620117188,
              749.8916625976562
            ],
            [
              564.318115234375,
              750.7582397460938
            ]
          ],
          "vehicle_box": [
            513,
            638,
            685,
            769
          ],
          "vehicle_conf": 0.74462890625,
          "ocr_text": "冀JC5210",
          "ocr_conf": 0.7952295541763306,
          "rank": 1
        },
        {
          "frame_idx": 282,
          "track_id": 3,
          "score": 0.5404705391930857,
          "subscores": {
            "plate_area_score": 0.07497240807637573,
            "sharpness_score": 0.6490537742127968,
            "exposure_score": 0.9873697916666667,
            "contrast_score": 0.7941640785251518,
            "obb_score": 0.919921875
          },
          "metrics": {
            "plate_area": 374.8620403818786,
            "laplacian_variance": 87.60190554194979,
            "gray_std": 50.826501025609716,
            "clipped_ratio": 0.006315104166666667,
            "obb_confidence": 0.919921875
          },
          "obb_score": 0.919921875,
          "plate_area": 374.8620403818786,
          "corners": [
            [
              597.5147705078125,
              701.538818359375
            ],
            [
              629.7944946289062,
              700.6845092773438
            ],
            [
              630.1016235351562,
              712.289306640625
            ],
            [
              597.8218994140625,
              713.1436157226562
            ]
          ],
          "vehicle_box": [
            571,
            601,
            713,
            709
          ],
          "vehicle_conf": 0.6923828125,
          "ocr_text": null,
          "ocr_conf": 0.0,
          "rank": 2
        },
        {
          "frame_idx": 280,
          "track_id": 3,
          "score": 0.5271278615583779,
          "subscores": {
            "plate_area_score": 0.06686675836369395,
            "sharpness_score": 0.6138676862145171,
            "exposure_score": 0.9924479166666667,
            "contrast_score": 0.7670286214172986,
            "obb_score": 0.93994140625
          },
          "metrics": {
            "plate_area": 334.33379181846976,
            "laplacian_variance": 68.48155425919427,
            "gray_std": 49.08983177070711,
            "clipped_ratio": 0.0037760416666666667,
            "obb_confidence": 0.93994140625
          },
          "obb_score": 0.93994140625,
          "plate_area": 334.33379181846976,
          "corners": [
            [
              612.5255126953125,
              685.060791015625
            ],
            [
              643.015380859375,
              684.6399536132812
            ],
            [
              643.1666870117188,
              695.603271484375
            ],
            [
              612.6768188476562,
              696.0241088867188
            ]
          ],
          "vehicle_box": [
            571,
            601,
            713,
            709
          ],
          "vehicle_conf": 0.6923828125,
          "ocr_text": "辽153R10",
          "ocr_conf": 0.7093280553817749,
          "rank": 3
        }
      ]
    },
    "4": {
      "track_id": 4,
      "locked_text": "黑B6R9F9",
      "locked_frame": 750,
      "locked_consensus": {
        "text": "黑B6R9F9",
        "event_count": 3,
        "min_position_ratio": 1.0,
        "mean_position_ratio": 1.0,
        "province_position_ratio": 0.6907092131995541,
        "all_position_ratios": [
          0.6907092131995541,
          1.0,
          1.0,
          1.0,
          1.0,
          1.0,
          1.0
        ]
      },
      "plate_anchor": {
        "x1": 0.5401151180267334,
        "y1": 0.5861619710922241,
        "x2": 0.7497285604476929,
        "y2": 0.6789599657058716
      },
      "locked_plate_anchor": {
        "x1": 0.5401151180267334,
        "y1": 0.5861619710922241,
        "x2": 0.7497285604476929,
        "y2": 0.6789599657058716
      },
      "motion_model": "kalman_box_cv_with_plate_anchor",
      "kalman_state": {
        "cx_cy_w_h": [
          1297.028,
          792.846,
          207.598,
          160.472
        ],
        "vx_vy_vw_vh": [
          -15.437,
          -20.309,
          -10.221,
          -9.249
        ]
      },