{
  "identity_blur_baseline": {
    "loss": 0.09486426650676215,
    "psnr": 20.43821392187582,
    "ssim": 0.6343067208811369
  },
  "restored": {
    "loss": 0.05565351339398841,
    "psnr": 24.050336359557225,
    "ssim": 0.8031416657335133
  }
}