{
  "track_id": 5,
  "locked_text": "冀JC5210",
  "locked_frame": 295,
  "locked_consensus": {
    "text": "冀JC5210",
    "event_count": 3,
    "min_position_ratio": 0.6693593816035847,
    "mean_position_ratio": 0.8897864605345281,
    "province_position_ratio": 1.0,
    "all_position_ratios": [
      1.0,
      1.0,
      1.0,
      0.6693593816035847,
      1.0,
      1.0,
      0.6693593816035847
    ]
  },
  "plate_anchor": {
    "x1": 0.2517446279525757,
    "y1": 0.7803435921669006,
    "x2": 0.4550638496875763,
    "y2": 0.866030752658844
  },
  "locked_plate_anchor": {
    "x1": 0.2517446279525757,
    "y1": 0.7803435921669006,
    "x2": 0.4550638496875763,
    "y2": 0.866030752658844
  },
  "motion_model": "kalman_box_cv_with_plate_anchor",
  "kalman_state": {
    "cx_cy_w_h": [
      448.674,
      878.485,
      252.022,
      208.686
    ],
    "vx_vy_vw_vh": [
      -11.37,
      12.874,
      5.987,
      5.775
    ]
  },
  "last_box": [
    313,
    778,
    569,
    992
  ],
  "last_detection_frame": 301,
  "merged_track_ids": [
    6
  ],
  "reassociation_events": [
    {
      "frame": 301,
      "from_track_id": 6,
      "to_track_id": 5,
      "gap": 6,
      "method": "kalman",
      "score": 0.7202,
      "metrics": {
        "score": 0.7202,
        "iou": 0.5662,
        "center": 0.7525,
        "size": 0.9171
      },
      "detected_box": [
        313,
        778,
        569,
        992
      ],
      "reference_box": [
        357,
        758,
        597,
        950
      ]
    }
  ],
  "plate_hits": 3,
  "vote_history": [
    "冀JC5210",
    "冀JCS218",
    "冀JC5210"
  ],
  "vote_events": [
    {
      "frame_idx": 286,
      "text": "冀JC5210",
      "confidence": 0.7952295541763306,
      "weight": 0.6042144812201602
    },
    {
      "frame_idx": 289,
      "text": "冀JCS218",
      "confidence": 0.8698859810829163,
      "weight": 0.6646203408579778
    },
    {
      "frame_idx": 295,
      "text": "冀JC5210",
      "confidence": 0.9558151364326477,
      "weight": 0.7412640704334403
    }
  ],
  "rejected_reasons": {},
  "candidates": [
    {
      "frame_idx": 295,
      "track_id": 5,
      "score": 0.5776380069054958,
      "subscores": {
        "plate_area_score": 0.12356210480835289,
        "sharpness_score": 0.6811114824597111,
        "exposure_score": 0.9932291666666667,
        "contrast_score": 0.8444259110965895,
        "obb_score": 0.96630859375
      },
      "metrics": {
        "plate_area": 617.8105240417644,
        "laplacian_variance": 109.56816512107847,
        "gray_std": 54.04325831018173,
        "clipped_ratio": 0.0033854166666666668,
        "obb_confidence": 0.96630859375
      },
      "obb_score": 0.96630859375,
      "plate_area": 617.8105240417644,
      "corners": [
        [
          474.9060363769531,
          839.3173828125
        ],
        [
          518.3836669921875,
          839.4173583984375
        ],
        [
          518.3509521484375,
          853.6271362304688
        ],
        [
          474.87335205078125,
          853.5271606445312
        ]
      ],
      "vehicle_box": [
        421,
        709,
        635,
        876
      ],
      "vehicle_conf": 0.7001953125,
      "ocr_text": "冀JC5210",
      "ocr_conf": 0.9558151364326477,
      "rank": 1
    },
    {
      "frame_idx": 289,
      "track_id": 5,
      "score": 0.5585026190103425,
      "subscores": {
        "plate_area_score": 0.08838871158212423,
        "sharpness_score": 0.6674650622478417,
        "exposure_score": 0.9889973958333333,
        "contrast_score": 0.8288369190724646,
        "obb_score": 0.9609375
      },
      "metrics": {
        "plate_area": 441.94355791062117,
        "laplacian_variance": 99.62014024098715,
        "gray_std": 53.045562820637734,
        "clipped_ratio": 0.005501302083333334,
        "obb_confidence": 0.9609375
      },
      "obb_score": 0.9609375,
      "plate_area": 441.94355791062117,
      "corners": [
        [
          544.302978515625,
          760.9292602539062
        ],
        [
          581.8316040039062,
          760.39697265625
        ],
        [
          581.9985961914062,
          772.1707763671875
        ],
        [
          544.469970703125,
          772.7030639648438
        ]
      ],
      "vehicle_box": [
        498,
        653,
        675,
        791
      ],
      "vehicle_conf": 0.77392578125,
      "ocr_text": "冀JCS218",
      "ocr_conf": 0.8698859810829163,
      "rank": 2
    },
    {
      "frame_idx": 286,
      "track_id": 5,
      "score": 0.5494826930602733,
      "subscores": {
        "plate_area_score": 0.07862951939702034,
        "sharpness_score": 0.6560212327916964,
        "exposure_score": 0.9870442708333333,
        "contrast_score": 0.8095677268380721,
        "obb_score": 0.96142578125
      },
      "metrics": {
        "plate_area": 393.1475969851017,
        "laplacian_variance": 91.97120554182264,
        "gray_std": 51.812334517636614,
        "clipped_ratio": 0.006477864583333334,
        "obb_confidence": 0.96142578125
      },
      "obb_score": 0.96142578125,
      "plate_area": 393.1475969851017,
      "corners": [
        [
          564.0364379882812,
          739.4583129882812
        ],
        [
          598.806884765625,
          738.5917358398438
        ],
        [
          599.0885620117188,
          749.8916625976562
        ],
        [
          564.318115234375,
          750.7582397460938
        ]
      ],
      "vehicle_box": [
        513,
        638,
        685,
        769
      ],
      "vehicle_conf": 0.74462890625,
      "ocr_text": "冀JC5210",
      "ocr_conf": 0.7952295541763306,
      "rank": 3
    }
  ]
}