{
  "track_id": 1,
  "seen_frames": 88,
  "plate_hits": 14,
  "locked_text": null,
  "locked_confidence": null,
  "locked_frame": null,
  "locked_consensus": null,
  "vote_history": [],
  "vote_events": [],
  "vote_counts": {},
  "topk": 5,
  "candidates": [
    {
      "rank": 1,
      "frame_idx": 241,
      "track_id": 1,
      "score": 0.5937000196301664,
      "subscores": {
        "plate_area_score": 0.2088125,
        "sharpness_score": 0.6622485885989007,
        "exposure_score": 0.9983072916666667,
        "contrast_score": 0.7891006934367865,
        "obb_score": 0.9328490495681763
      },
      "raw_metrics": {
        "plate_area": 1044.0625,
        "laplacian_variance": 96.05842352549236,
        "gray_std": 50.50244437995433,
        "clipped_ratio": 0.0008463541666666667,
        "obb_confidence": 0.9328490495681763
      },
      "geometry": {
        "width": 55.281476974487305,
        "height": 18.886486053466797,
        "aspect": 2.927038773543576,
        "center_x": 402.14056396484375,
        "center_y": 959.68212890625,
        "vehicle_overlap": 1.0
      },
      "vehicle_confidence": 0.8078149557113647,
      "vehicle_box_xyxy": [
        314,
        778,
        565,
        990
      ],
      "plate_corners_xy": [
        [
          429.72894287109375,
          969.2772216796875
        ],
        [
          429.83282470703125,
          950.3909912109375
        ],
        [
          374.55218505859375,
          950.0870361328125
        ],
        [
          374.44830322265625,
          968.9732055664062
        ]
      ],
      "files": {
        "full": "full_rank1.jpg",
        "vehicle": "vehicle_rank1.jpg",
        "plate": "plate_rank1.jpg"
      }
    },
    {
      "rank": 2,
      "frame_idx": 240,
      "track_id": 1,
      "score": 0.5866427600960125,
      "subscores": {
        "plate_area_score": 0.2096,
        "sharpness_score": 0.641473831611501,
        "exposure_score": 0.9975260416666667,
        "contrast_score": 0.7698490296714585,
        "obb_score": 0.9422680139541626
      },
      "raw_metrics": {
        "plate_area": 1048.0,
        "laplacian_variance": 83.08140190972222,
        "gray_std": 49.270337898973345,
        "clipped_ratio": 0.0012369791666666666,
        "obb_confidence": 0.9422680139541626
      },
      "geometry": {
        "width": 53.365081787109375,
        "height": 19.63763427734375,
        "aspect": 2.717490357210569,
        "center_x": 420.7239990234375,
        "center_y": 938.0802001953125,
        "vehicle_overlap": 1.0
      },
      "vehicle_confidence": 0.7879102826118469,
      "vehicle_box_xyxy": [
        334,
        766,
        585,
        966
      ],
      "plate_corners_xy": [
        [
          447.40460205078125,
          947.9042358398438
        ],
        [
          447.4084777832031,
          928.2666015625
        ],
        [
          394.04339599609375,
          928.256103515625
        ],
        [
          394.0395202636719,
          947.8937377929688
        ]
      ],
      "files": {
        "full": "full_rank2.jpg",
        "vehicle": "vehicle_rank2.jpg",
        "plate": "plate_rank2.jpg"
      }
    },
    {
      "rank": 3,
      "frame_idx": 237,
      "track_id": 1,
      "score": 0.5668057583661104,
      "subscores": {
        "plate_area_score": 0.1744,
        "sharpness_score": 0.6227374477650972,
        "exposure_score": 0.9968098958333333,
        "contrast_score": 0.7598303745859353,
        "obb_score": 0.9344000220298767
      },
      "raw_metrics": {
        "plate_area": 872.0,
        "laplacian_variance": 72.87247667842442,
        "gray_std": 48.62914397349986,
        "clipped_ratio": 0.0015950520833333333,
        "obb_confidence": 0.9344000220298767
      },
      "geometry": {
        "width": 50.201576232910156,
        "height": 17.36927032470703,
        "aspect": 2.890252457036183,
        "center_x": 483.97564697265625,
        "center_y": 862.9371337890625,
        "vehicle_overlap": 1.0
      },
      "vehicle_confidence": 0.7938093543052673,
      "vehicle_box_xyxy": [
        406,
        718,
        623,
        887
      ],
      "plate_corners_xy": [
        [
          509.0682067871094,
          871.6455078125
        ],
        [
          509.0846252441406,
          854.2762451171875
        ],
        [
          458.8830871582031,
          854.228759765625
        ],
        [
          458.86663818359375,
          871.5980224609375
        ]
      ],
      "files": {
        "full": "full_rank3.jpg",
        "vehicle": "vehicle_rank3.jpg",
        "plate": "plate_rank3.jpg"
      }
    },
    {
      "rank": 4,
      "frame_idx": 239,
      "track_id": 1,
      "score": 0.5556630684648824,
      "subscores": {
        "plate_area_score": 0.1645625,
        "sharpness_score": 0.5983529171418038,
        "exposure_score": 0.9985026041666667,
        "contrast_score": 0.75965129704635,
        "obb_score": 0.928197979927063
      },
      "raw_metrics": {
        "plate_area": 822.8125,
        "laplacian_variance": 61.419240926106774,
        "gray_std": 48.6176830109664,
        "clipped_ratio": 0.0007486979166666667,
        "obb_confidence": 0.928197979927063
      },
      "geometry": {
        "width": 50.30384826660156,
        "height": 16.357669830322266,
        "aspect": 3.075245361252686,
        "center_x": 438.57025146484375,
        "center_y": 917.480224609375,
        "vehicle_overlap": 1.0
      },
      "vehicle_confidence": 0.7128390073776245,
      "vehicle_box_xyxy": [
        353,
        752,
        585,
        944
      ],
      "plate_corners_xy": [
        [
          463.69921875,
          925.7294311523438
        ],
        [
          463.7449951171875,
          909.371826171875
        ],
        [
          413.44134521484375,
          909.2310180664062
        ],
        [
          413.39556884765625,
          925.588623046875
        ]
      ],
      "files": {
        "full": "full_rank4.jpg",
        "vehicle": "vehicle_rank4.jpg",
        "plate": "plate_rank4.jpg"
      }
    },
    {
      "rank": 5,
      "frame_idx": 236,
      "track_id": 1,
      "score": 0.554378490169422,
      "subscores": {
        "plate_area_score": 0.15675,
        "sharpness_score": 0.5993547876551809,
        "exposure_score": 0.9985026041666667,
        "contrast_score": 0.7566864863566984,
        "obb_score": 0.9426551461219788
      },
      "raw_metrics": {
        "plate_area": 783.75,
        "laplacian_variance": 61.852785490883726,
        "gray_std": 48.4279351268287,
        "clipped_ratio": 0.0007486979166666667,
        "obb_confidence": 0.9426551461219788
      },
      "geometry": {
        "width": 47.08546447753906,
        "height": 16.645275115966797,
        "aspect": 2.828758560582327,
        "center_x": 498.6744384765625,
        "center_y": 846.4449462890625,
        "vehicle_overlap": 1.0
      },
      "vehicle_confidence": 0.7791221737861633,
      "vehicle_box_xyxy": [
        422,
        704,
        630,
        870
      ],
      "plate_corners_xy": [
        [
          522.306396484375,
          854.5107421875
        ],
        [
          522.1251220703125,
          837.866455078125
        ],
        [
          475.0424499511719,
          838.3792724609375
        ],
        [
          475.2237243652344,
          855.0235595703125
        ]
      ],
      "files": {
        "full": "full_rank5.jpg",
        "vehicle": "vehicle_rank5.jpg",
        "plate": "plate_rank5.jpg"
      }
    }
  ],
  "rejected_count": 5,
  "rejected_candidates": [
    {
      "rank": 1,
      "frame_idx": 217,
      "track_id": 1,
      "reason": "plate/vehicle area ratio 0.049 > 0.04",
      "obb_score": 0.8946380019187927,
      "plate_area": 481.5,
      "geometry": {
        "width": 36.163448333740234,
        "height": 13.311511039733887,
        "aspect": 2.71670498005786,
        "center_x": 680.365478515625,