{
  "track_id": 4,
  "locked_text": "é»‘B6R9F9",
  "locked_frame": 750,
  "locked_consensus": {
    "text": "é»‘B6R9F9",
    "event_count": 3,
    "min_position_ratio": 1.0,
    "mean_position_ratio": 1.0,
    "province_position_ratio": 0.6907092131995541,
    "all_position_ratios": [
      0.6907092131995541,
      1.0,
      1.0,
      1.0,
      1.0,
      1.0,
      1.0
    ]
  },
  "plate_anchor": {
    "x1": 0.5401151180267334,
    "y1": 0.5861619710922241,
    "x2": 0.7497285604476929,
    "y2": 0.6789599657058716
  },
  "locked_plate_anchor": {
    "x1": 0.5401151180267334,
    "y1": 0.5861619710922241,
    "x2": 0.7497285604476929,
    "y2": 0.6789599657058716
  },
  "motion_model": "kalman_box_cv_with_plate_anchor",
  "kalman_state": {
    "cx_cy_w_h": [
      1297.028,
      792.846,
      207.598,
      160.472
    ],
    "vx_vy_vw_vh": [
      -15.437,
      -20.309,
      -10.221,
      -9.249
    ]
  },
  "last_box": [
    1197,
    717,
    1408,
    883
  ],
  "last_detection_frame": 751,
  "last_plate_attempt_frame": 750,
  "plate_attempts": 2,
  "plate_hits": 1,
  "vote_history": [
    "é»‘B6R9F9",
    "é»‘B6R9F9",
    "ĺ†€B6R9F9"
  ],
  "vote_events": [
    {
      "frame_idx": 748,
      "text": "é»‘B6R9F9",
      "confidence": 0.9645540118217468,
      "weight": 0.5425616316497326
    },
    {
      "frame_idx": 748,
      "text": "é»‘B6R9F9",
      "confidence": 0.9645540118217468,
      "weight": 0.6684596416641786
    },
    {
      "frame_idx": 750,
      "text": "ĺ†€B6R9F9",
      "confidence": 0.9640531539916992,
      "weight": 0.5422798991203308
    }
  ],
  "rejected_reasons": {},
  "candidates": [
    {
      "frame_idx": 748,
      "track_id": 4,
      "score": 0.4126044743918416,
      "subscores": {
        "plate_area_score": 0.15239559042155743,
        "sharpness_score": 0.5354899134851759,
        "exposure_score": 0.28398437499999996,
        "contrast_score": 0.5978115307374368,
        "obb_score": 0.96240234375
      },
      "metrics": {
        "plate_area": 761.9779521077871,
        "laplacian_variance": 39.42985507541233,
        "gray_std": 38.25993796719595,
        "clipped_ratio": 0.3580078125,
        "obb_confidence": 0.96240234375
      },
      "obb_score": 0.96240234375,
      "plate_area": 761.9779521077871,
      "corners": [
        [
          1338.2073974609375,
          849.9921875
        ],
        [
          1385.9381103515625,
          850.1751708984375
        ],
        [
          1385.876953125,
          866.1390380859375
        ],
        [
          1338.146240234375,
          865.9560546875
        ]
      ],
      "vehicle_box": [
        1215,
        748,
        1443,
        922
      ],
      "vehicle_conf": 0.76123046875,
      "ocr_text": "é»‘B6R9F9",
      "ocr_conf": 0.9645540118217468,
      "rank": 1
    }
  ]
}