{
  "source_run": "D:\\YOLO_ALPR_Project\\captures_topk\\run_20260617_211958",
  "imgsz": 320,
  "confidence_threshold": 0.25,
  "roi_margin": 20,
  "samples": [
    {
      "track_id": 10,
      "frame_idx": 3186,
      "vehicle_box_xyxy": [
        0,
        769,
        233,
        961
      ],
      "roi_box_xyxy": [
        0,
        749,
        253,
        981
      ],
      "historical_baseline": {
        "confidence": 0.9231300354003906,
        "corners_xy": [
          [
            53.407928466796875,
            941.8662109375
          ],
          [
            54.072303771972656,
            926.6907348632812
          ],
          [
            6.905628681182861,
            924.6257934570312
          ],
          [
            6.241252422332764,
            939.80126953125
          ]
        ]
      },
      "models": {
        "baseline": [
          {
            "rank": 1,
            "confidence": 0.9137630462646484,
            "corners_xy": [
              [
                54.25244903564453,
                941.124755859375
              ],
              [
                54.44358825683594,
                925.5127563476562
              ],
              [
                7.437349319458008,
                924.937255859375
              ],
              [
                7.246213912963867,
                940.5492553710938
              ]
            ],
            "plate_file": "baseline_plate_rank1.jpg"
          }
        ],
        "finetuned_e20": [
          {
            "rank": 1,
            "confidence": 0.8434969186782837,
            "corners_xy": [
              [
                53.407772064208984,
                940.854736328125
              ],
              [
                53.53633499145508,
                926.0438232421875
              ],
              [
                6.858381271362305,
                925.6386108398438
              ],
              [
                6.729818344116211,
                940.4495849609375
              ]
            ],
            "plate_file": "finetuned_e20_plate_rank1.jpg"
          }
        ]
      }
    },
    {
      "track_id": 12,
      "frame_idx": 3923,
      "vehicle_box_xyxy": [
        1,
        488,
        384,
        1029
      ],
      "roi_box_xyxy": [
        0,
        468,
        404,
        1049
      ],
      "historical_baseline": {
        "confidence": 0.2727605998516083,
        "corners_xy": [
          [
            369.1247863769531,
            831.1861572265625
          ],
          [
            331.7891540527344,
            758.8134765625
          ],
          [
            164.21881103515625,
            845.2595825195312
          ],
          [
            201.55441284179688,
            917.6322631835938
          ]
        ]
      },
      "models": {
        "baseline": [],
        "finetuned_e20": []
      }
    },
    {
      "track_id": 15,
      "frame_idx": 6789,
      "vehicle_box_xyxy": [
        1643,
        818,
        1918,
        1077
      ],
      "roi_box_xyxy": [
        1623,
        798,
        1920,
        1080
      ],
      "historical_baseline": {
        "confidence": 0.9702549576759338,
        "corners_xy": [
          [
            1918.1951904296875,
            1034.595947265625
          ],
          [
            1916.8203125,
            1011.0347900390625
          ],
          [
            1856.444091796875,
            1014.5579833984375
          ],
          [
            1857.8189697265625,
            1038.119140625
          ]
        ]
      },
      "models": {
        "baseline": [
          {
            "rank": 1,
            "confidence": 0.9611096382141113,
            "corners_xy": [
              [
                1918.175048828125,
                1035.4993896484375
              ],
              [
                1917.373046875,
                1012.5074462890625
              ],
              [
                1856.310546875,
                1014.6375122070312
              ],
              [
                1857.112548828125,
                1037.62939453125
              ]
            ],
            "plate_file": "baseline_plate_rank1.jpg"
          }
        ],
        "finetuned_e20": [
          {
            "rank": 1,
            "confidence": 0.8625830411911011,
            "corners_xy": [
              [
                1916.8856201171875,
                1034.679443359375
              ],
              [
                1916.2095947265625,
                1014.2333374023438
              ],
              [
                1857.496826171875,
                1016.1748657226562
              ],
              [
                1858.1728515625,
                1036.6209716796875
              ]
            ],
            "plate_file": "finetuned_e20_plate_rank1.jpg"
          }
        ]
      }
    }
  ]
}