{
  "track_id": 4,
  "seen_frames": 21,
  "plate_hits": 7,
  "locked_text": null,
  "locked_confidence": null,
  "locked_frame": null,
  "locked_consensus": {
    "text": "冀JC5210",
    "event_count": 6,
    "min_position_ratio": 0.6698645969897502,
    "mean_position_ratio": 0.7821478306776767,
    "province_position_ratio": 0.6583693335694224,
    "all_position_ratios": [
      0.6583693335694224,
      0.8324438384685566,
      0.6817517697817553,
      0.6763829403574411,
      0.8324438384685566,
      1.0,
      0.6698645969897502
    ],
    "deferred_reason": "lock vehicle confidence"
  },
  "plate_anchor": {
    "x1": 0.2416006624698639,
    "y1": 0.8007883429527283,
    "x2": 0.4360896646976471,
    "y2": 0.8786244988441467
  },
  "locked_plate_anchor": null,
  "motion_model": "kalman_box_cv_with_plate_anchor",
  "kalman_state": {
    "cx_cy_w_h": [
      450.435,
      880.461,
      260.754,
      210.206
    ],
    "vx_vy_vw_vh": [
      -11.079,
      12.988,
      6.747,
      5.862
    ]
  },
  "last_box": [
    312,
    778,
    578,
    994
  ],
  "last_detection_frame": 301,
  "last_plate_attempt_frame": 301,
  "plate_attempts": 7,
  "vote_history": [
    "辽153R10",
    "冀JE5210",
    "冀JCS218",
    "冀JC5210",
    "冀JC5210",
    "粤JC521G",
    "冀JC521G"
  ],
  "vote_events": [
    {
      "frame_idx": 280,
      "text": "辽153R10",
      "confidence": 0.7093280553817749,
      "source": "plate",
      "predicted": false,
      "vehicle_confidence": 0.66552734375,
      "candidate_score": 0.5271278615583779,
      "obb_confidence": 0.93994140625,
      "weight": 0.5253529309390198
    },
    {
      "frame_idx": 286,
      "text": "冀JE5210",
      "confidence": 0.8399600386619568,
      "source": "vehicle",
      "predicted": false,
      "vehicle_confidence": 0.7763671875,
      "candidate_score": 0.5,
      "obb_confidence": 0.5,
      "weight": 0.4724775217473507
    },
    {
      "frame_idx": 289,
      "text": "冀JCS218",
      "confidence": 0.8698859810829163,
      "source": "vehicle",
      "predicted": false,
      "vehicle_confidence": 0.8046875,
      "candidate_score": 0.5,
      "obb_confidence": 0.5,
      "weight": 0.4893108643591404
    },
    {
      "frame_idx": 292,
      "text": "冀JC5210",
      "confidence": 0.9915913343429565,
      "source": "vehicle",
      "predicted": false,
      "vehicle_confidence": 0.72900390625,
      "candidate_score": 0.5,
      "obb_confidence": 0.5,
      "weight": 0.557770125567913
    },
    {
      "frame_idx": 295,
      "text": "冀JC5210",
      "confidence": 0.9683240056037903,
      "source": "vehicle",
      "predicted": false,
      "vehicle_confidence": 0.77978515625,
      "candidate_score": 0.5,
      "obb_confidence": 0.5,
      "weight": 0.544682253152132
    },
    {
      "frame_idx": 298,
      "text": "粤JC521G",
      "confidence": 0.9702941179275513,
      "source": "vehicle",
      "predicted": false,
      "vehicle_confidence": 0.666015625,
      "candidate_score": 0.5,
      "obb_confidence": 0.5,
      "weight": 0.5457904413342476
    },
    {
      "frame_idx": 301,
      "text": "冀JC521G",
      "confidence": 0.9105015993118286,
      "source": "vehicle",
      "predicted": false,
      "vehicle_confidence": 0.701171875,
      "candidate_score": 0.5,
      "obb_confidence": 0.5,
      "weight": 0.5121571496129036
    }
  ],
  "vote_counts": {
    "辽153R10": 1,
    "冀JE5210": 1,
    "冀JCS218": 1,
    "冀JC5210": 2,
    "粤JC521G": 1,
    "冀JC521G": 1
  },
  "rejected_reasons": {},
  "rejected_count": 0,
  "rejected_candidates": [],
  "topk": 5,
  "candidates": [
    {
      "rank": 1,
      "frame_idx": 301,
      "track_id": 4,
      "score": 0.6007344665597169,
      "subscores": {
        "plate_area_score": 0.16856911620609463,
        "sharpness_score": 0.7130985525382946,
        "exposure_score": 0.9972005208333333,
        "contrast_score": 0.8213188200109541,
        "obb_score": 0.9609375
      },
      "raw_metrics": {
        "plate_area": 842.8455810304731,
        "laplacian_variance": 136.91299743546378,
        "gray_std": 52.564404480701064,
        "clipped_ratio": 0.0013997395833333333,
        "obb_confidence": 0.9609375
      },
      "geometry": {
        "width": 51.5859260559082,
        "height": 16.338672637939453,
        "aspect": 3.1572898973520256,
        "center_x": 402.1328125,
        "center_y": 959.3765869140625,
        "vehicle_overlap": 1.0
      },
      "vehicle_confidence": 0.701171875,
      "vehicle_box_xyxy": [
        312,
        778,
        578,
        994
      ],
      "plate_corners_xy": [
        [
          376.4161071777344,
          950.9702758789062
        ],
        [
          427.9998474121094,
          951.4448852539062
        ],
        [
          427.8495178222656,
          967.7828979492188
        ],
        [
          376.2657775878906,
          967.3082275390625
        ]
      ],
      "files": {
        "full": "full_rank1.jpg",
        "vehicle": "vehicle_rank1.jpg",
        "plate": "plate_rank1.jpg"
      },
      "ocr": {
        "text": "冀JC521G",
        "confidence": 0.9105015993118286,
        "engine": "hyperlpr3"
      }
    },
    {
      "rank": 2,
      "frame_idx": 298,
      "track_id": 4,
      "score": 0.5862629555245751,
      "subscores": {
        "plate_area_score": 0.14484203553199768,
        "sharpness_score": 0.695548001897806,
        "exposure_score": 0.996875,
        "contrast_score": 0.8118118626903413,
        "obb_score": 0.9619140625
      },
      "raw_metrics": {
        "plate_area": 724.2101776599884,
        "laplacian_variance": 121.1647547361586,
        "gray_std": 51.955959212181845,
        "clipped_ratio": 0.0015625,
        "obb_confidence": 0.9619140625
      },
      "geometry": {
        "width": 47.909183502197266,
        "height": 15.116312026977539,
        "aspect": 3.1693698447541614,
        "center_x": 437.7548828125,
        "center_y": 917.150390625,
        "vehicle_overlap": 1.0
      },
      "vehicle_confidence": 0.666015625,
      "vehicle_box_xyxy": [
        353,
        753,
        600,
        948
      ],
      "plate_corners_xy": [
        [
          413.8177490234375,
          909.5371704101562
        ],
        [
          461.726806640625,
          909.6473388671875
        ],
        [
          461.6920166015625,
          924.7636108398438
        ],
        [
          413.782958984375,
          924.6534423828125
        ]
      ],
      "files": {
        "full": "full_rank2.jpg",
        "vehicle": "vehicle_rank2.jpg",
        "plate": "plate_rank2.jpg"
      },
      "ocr": {
        "text": "粤JC521G",
        "confidence": 0.9702941179275513,
        "engine": "hyperlpr3"
      }
    },
    {
      "rank": 3,
      "frame_idx": 295,
      "track_id": 4,
      "score": 0.5779768559911534,
      "subscores": {
        "plate_area_score": 0.12503180623948573,
        "sharpness_score": 0.6790264357609661,
        "exposure_score": 0.9946614583333333,
        "contrast_score": 0.8443357432904364,
        "obb_score": 0.96875
      },
      "raw_metrics": {
        "plate_area": 625.1590311974287,
        "laplacian_variance": 107.98683916621738,
        "gray_std": 54.03748757058793,
        "clipped_ratio": 0.0026692708333333334,
        "obb_confidence": 0.96875
      },
      "geometry": {
        "width": 43.795875549316406,
        "height": 14.274381637573242,
        "aspect": 3.068145203154457,
        "center_x": 496.4658203125,
        "center_y": 846.486328125,
        "vehicle_overlap": 1.0
      },
      "vehicle_confidence": 0.77978515625,
      "vehicle_box_xyxy": [
        421,
        707,
        634,
        876
      ],