{
  "track_id": 4,
  "seen_frames": 22,
  "plate_hits": 4,
  "locked_text": "冀JE5210",
  "locked_confidence": 0.8038032430108611,
  "locked_frame": 286,
  "locked_consensus": {
    "text": "冀JE5210",
    "event_count": 3,
    "min_position_ratio": 0.7057048645162919,
    "mean_position_ratio": 0.8038032430108611,
    "province_position_ratio": 0.7057048645162919,
    "all_position_ratios": [
      0.7057048645162919,
      0.7057048645162919,
      0.7057048645162919,
      0.7057048645162919,
      0.7057048645162919,
      1.0,
      1.0
    ]
  },
  "plate_anchor": {
    "x1": 0.2929098308086395,
    "y1": 0.7682611346244812,
    "x2": 0.49520978331565857,
    "y2": 0.8603646159172058
  },
  "locked_plate_anchor": {
    "x1": 0.2929098308086395,
    "y1": 0.7682611346244812,
    "x2": 0.49520978331565857,
    "y2": 0.8603646159172058
  },
  "motion_model": "kalman_box_cv_with_plate_anchor",
  "kalman_state": {
    "cx_cy_w_h": [
      406.857,
      927.112,
      291.193,
      231.627
    ],
    "vx_vy_vw_vh": [
      -14.764,
      16.619,
      9.38,
      7.474
    ]
  },
  "last_box": [
    238,
    825,
    540,
    1068
  ],
  "last_detection_frame": 303,
  "last_plate_attempt_frame": 286,
  "plate_attempts": 4,
  "vote_history": [
    "辽153R10",
    "冀JE5210",
    "冀JE5210"
  ],
  "vote_events": [
    {
      "frame_idx": 280,
      "text": "辽153R10",
      "confidence": 0.7093280553817749,
      "source": "plate",
      "predicted": false,
      "vehicle_confidence": 0.66552734375,
      "candidate_score": 0.5271278615583779,
      "obb_confidence": 0.93994140625,
      "weight": 0.5253529309390198
    },
    {
      "frame_idx": 285,
      "text": "冀JE5210",
      "confidence": 0.8167095184326172,
      "source": "plate",
      "predicted": false,
      "vehicle_confidence": 0.75146484375,
      "candidate_score": 0.5520937786751335,
      "obb_confidence": 0.9599609375,
      "weight": 0.621116404644987
    },
    {
      "frame_idx": 286,
      "text": "冀JE5210",
      "confidence": 0.8399600386619568,
      "source": "plate",
      "predicted": false,
      "vehicle_confidence": 0.7763671875,
      "candidate_score": 0.5509679679365747,
      "obb_confidence": 0.9609375,
      "weight": 0.6386533783050331
    }
  ],
  "vote_counts": {
    "辽153R10": 1,
    "冀JE5210": 2
  },
  "rejected_reasons": {},
  "rejected_count": 0,
  "rejected_candidates": [],
  "topk": 4,
  "candidates": [
    {
      "rank": 1,
      "frame_idx": 284,
      "track_id": 4,
      "score": 0.5603746549083494,
      "subscores": {
        "plate_area_score": 0.08562982811331749,
        "sharpness_score": 0.6900870555581905,
        "exposure_score": 0.9899739583333333,
        "contrast_score": 0.8000895777623108,
        "obb_score": 0.94873046875
      },
      "raw_metrics": {
        "plate_area": 428.14914056658745,
        "laplacian_variance": 116.64154456986321,
        "gray_std": 51.20573297678789,
        "clipped_ratio": 0.005013020833333334,
        "obb_confidence": 0.94873046875
      },
      "geometry": {
        "width": 34.80376052856445,
        "height": 12.301807403564453,
        "aspect": 2.8291583006315033,
        "center_x": 598.65234375,
        "center_y": 725.10546875,
        "vehicle_overlap": 1.0
      },
      "vehicle_confidence": 0.7119140625,
      "vehicle_box_xyxy": [
        534,
        623,
        697,
        745
      ],
      "plate_corners_xy": [
        [
          581.1246337890625,
          719.3228759765625
        ],
        [
          615.920654296875,
          718.5889892578125
        ],
        [
          616.1800537109375,
          730.8880615234375
        ],
        [
          581.384033203125,
          731.6219482421875
        ]
      ],
      "files": {
        "full": "full_rank1.jpg",
        "vehicle": "vehicle_rank1.jpg",
        "plate": "plate_rank1.jpg"
      },
      "ocr": {
        "text": "1J55211",
        "confidence": 0.5478940010070801,
        "engine": "hyperlpr3"
      }
    },
    {
      "rank": 2,
      "frame_idx": 285,
      "track_id": 4,
      "score": 0.5520937786751335,
      "subscores": {
        "plate_area_score": 0.07624180377610028,
        "sharpness_score": 0.6688708467795943,
        "exposure_score": 0.9901692708333333,
        "contrast_score": 0.802264089446202,
        "obb_score": 0.9599609375
      },
      "raw_metrics": {
        "plate_area": 381.2090188805014,
        "laplacian_variance": 100.60214625040689,
        "gray_std": 51.34490172455693,
        "clipped_ratio": 0.004915364583333333,
        "obb_confidence": 0.9599609375
      },
      "geometry": {
        "width": 34.21249771118164,
        "height": 11.142391204833984,
        "aspect": 3.0704807506972998,
        "center_x": 589.707763671875,
        "center_y": 734.6758422851562,
        "vehicle_overlap": 1.0
      },
      "vehicle_confidence": 0.75146484375,
      "vehicle_box_xyxy": [
        522,
        630,
        692,
        758
      ],
      "plate_corners_xy": [
        [
          572.5676879882812,
          729.2096557617188
        ],
        [
          606.779541015625,
          728.999755859375
        ],
        [
          606.847900390625,
          740.1419677734375
        ],
        [
          572.6360473632812,
          740.351806640625
        ]
      ],
      "files": {
        "full": "full_rank2.jpg",
        "vehicle": "vehicle_rank2.jpg",
        "plate": "plate_rank2.jpg"
      },
      "ocr": {
        "text": "冀JE5210",
        "confidence": 0.8167095184326172,
        "engine": "hyperlpr3"
      }
    },
    {
      "rank": 3,
      "frame_idx": 286,
      "track_id": 4,
      "score": 0.5509679679365747,
      "subscores": {
        "plate_area_score": 0.07944638948142528,
        "sharpness_score": 0.659592784846073,
        "exposure_score": 0.9886067708333334,
        "contrast_score": 0.8089913053925383,
        "obb_score": 0.9609375
      },
      "raw_metrics": {
        "plate_area": 397.2319474071264,
        "laplacian_variance": 94.29380513403152,
        "gray_std": 51.77544354512245,
        "clipped_ratio": 0.005696614583333333,
        "obb_confidence": 0.9609375
      },
      "geometry": {
        "width": 34.976585388183594,
        "height": 11.35708236694336,
        "aspect": 3.0797157454795476,
        "center_x": 581.56640625,
        "center_y": 744.6749877929688,
        "vehicle_overlap": 1.0
      },
      "vehicle_confidence": 0.7763671875,
      "vehicle_box_xyxy": [
        513,
        638,
        687,
        769
      ],
      "plate_corners_xy": [
        [
          563.96630859375,
          739.35302734375
        ],
        [
          598.9356689453125,
          738.6422119140625
        ],
        [
          599.16650390625,
          749.9969482421875
        ],
        [
          564.1971435546875,
          750.707763671875
        ]
      ],
      "files": {
        "full": "full_rank3.jpg",
        "vehicle": "vehicle_rank3.jpg",
        "plate": "plate_rank3.jpg"
      },
      "ocr": {
        "text": "冀JE5210",
        "confidence": 0.8399600386619568,
        "engine": "hyperlpr3"
      }
    },
    {
      "rank": 4,
      "frame_idx": 280,
      "track_id": 4,
      "score": 0.5271278615583779,
      "subscores": {
        "plate_area_score": 0.06686675836369395,
        "sharpness_score": 0.6138676862145171,
        "exposure_score": 0.9924479166666667,
        "contrast_score": 0.7670286214172986,
        "obb_score": 0.93994140625
      },
      "raw_metrics": {
        "plate_area": 334.33379181846976,
        "laplacian_variance": 68.48155425919427,
        "gray_std": 49.08983177070711,
        "clipped_ratio": 0.0037760416666666667,
        "obb_confidence": 0.93994140625
      },
      "geometry": {
        "width": 30.492773056030273,
        "height": 10.964362144470215,
        "aspect": 2.781080436257667,
        "center_x": 627.8460693359375,