{
  "stats": {
    "vehicle_detection_frames": 334,
    "vehicle_prediction_frames": 666,
    "gated:vehicle confidence": 21,
    "gated:vehicle dimensions": 4,
    "vehicles_ready": 6,
    "obb_candidates": 6,
    "ocr:hyperlpr3": 6,
    "accepted_candidates": 6,
    "gated:vehicle center outside process ROI": 1,
    "frames_processed": 1000,
    "start_frame": 0,
    "elapsed_seconds": 84.612
  },
  "tracks": {
    "3": {
      "track_id": 3,
      "locked_text": "冀JC5210",
      "locked_frame": 295,
      "locked_consensus": {
        "text": "冀JC5210",
        "event_count": 3,
        "min_position_ratio": 0.6693593816035847,
        "mean_position_ratio": 0.8897864605345281,
        "province_position_ratio": 1.0,
        "all_position_ratios": [
          1.0,
          1.0,
          1.0,
          0.6693593816035847,
          1.0,
          1.0,
          0.6693593816035847
        ]
      },
      "plate_anchor": {
        "x1": 0.2517446279525757,
        "y1": 0.7803435921669006,
        "x2": 0.4550638496875763,
        "y2": 0.866030752658844
      },
      "locked_plate_anchor": {
        "x1": 0.2517446279525757,
        "y1": 0.7803435921669006,
        "x2": 0.4550638496875763,
        "y2": 0.866030752658844
      },
      "motion_model": "kalman_box_cv_with_plate_anchor",
      "kalman_state": {
        "cx_cy_w_h": [
          451.686,
          875.216,
          250.847,
          206.886
        ],
        "vx_vy_vw_vh": [
          -10.955,
          12.435,
          5.832,
          5.538
        ]
      },
      "last_box": [
        313,
        778,
        569,
        992
      ],
      "last_detection_frame": 301,
      "plate_hits": 4,
      "vote_history": [
        "冀JC5210",
        "冀JCS218",
        "冀JC5210"
      ],
      "vote_events": [
        {
          "frame_idx": 286,
          "text": "冀JC5210",
          "confidence": 0.7952295541763306,
          "weight": 0.6042144812201602
        },
        {
          "frame_idx": 289,
          "text": "冀JCS218",
          "confidence": 0.8698859810829163,
          "weight": 0.6646203408579778
        },
        {
          "frame_idx": 295,
          "text": "冀JC5210",
          "confidence": 0.9558151364326477,
          "weight": 0.7412640704334403
        }
      ],
      "rejected_reasons": {},
      "candidates": [
        {
          "frame_idx": 295,
          "track_id": 3,
          "score": 0.5776380069054958,
          "subscores": {
            "plate_area_score": 0.12356210480835289,
            "sharpness_score": 0.6811114824597111,
            "exposure_score": 0.9932291666666667,
            "contrast_score": 0.8444259110965895,
            "obb_score": 0.96630859375
          },
          "metrics": {
            "plate_area": 617.8105240417644,
            "laplacian_variance": 109.56816512107847,
            "gray_std": 54.04325831018173,
            "clipped_ratio": 0.0033854166666666668,
            "obb_confidence": 0.96630859375
          },
          "obb_score": 0.96630859375,
          "plate_area": 617.8105240417644,
          "corners": [
            [
              474.9060363769531,
              839.3173828125
            ],
            [
              518.3836669921875,
              839.4173583984375
            ],
            [
              518.3509521484375,
              853.6271362304688
            ],
            [
              474.87335205078125,
              853.5271606445312
            ]
          ],
          "vehicle_box": [
            421,
            709,
            635,
            876
          ],
          "vehicle_conf": 0.7001953125,
          "ocr_text": "冀JC5210",
          "ocr_conf": 0.9558151364326477,
          "rank": 1
        },
        {
          "frame_idx": 289,
          "track_id": 3,
          "score": 0.5585026190103425,
          "subscores": {
            "plate_area_score": 0.08838871158212423,
            "sharpness_score": 0.6674650622478417,
            "exposure_score": 0.9889973958333333,
            "contrast_score": 0.8288369190724646,
            "obb_score": 0.9609375
          },
          "metrics": {
            "plate_area": 441.94355791062117,
            "laplacian_variance": 99.62014024098715,
            "gray_std": 53.045562820637734,
            "clipped_ratio": 0.005501302083333334,
            "obb_confidence": 0.9609375
          },
          "obb_score": 0.9609375,
          "plate_area": 441.94355791062117,
          "corners": [
            [
              544.302978515625,
              760.9292602539062
            ],
            [
              581.8316040039062,
              760.39697265625
            ],
            [
              581.9985961914062,
              772.1707763671875
            ],
            [
              544.469970703125,
              772.7030639648438
            ]
          ],
          "vehicle_box": [
            498,
            653,
            675,
            791
          ],
          "vehicle_conf": 0.77392578125,
          "ocr_text": "冀JCS218",
          "ocr_conf": 0.8698859810829163,
          "rank": 2
        },
        {
          "frame_idx": 286,
          "track_id": 3,
          "score": 0.5494826930602733,
          "subscores": {
            "plate_area_score": 0.07862951939702034,
            "sharpness_score": 0.6560212327916964,
            "exposure_score": 0.9870442708333333,
            "contrast_score": 0.8095677268380721,
            "obb_score": 0.96142578125
          },
          "metrics": {
            "plate_area": 393.1475969851017,
            "laplacian_variance": 91.97120554182264,
            "gray_std": 51.812334517636614,
            "clipped_ratio": 0.006477864583333334,
            "obb_confidence": 0.96142578125
          },
          "obb_score": 0.96142578125,
          "plate_area": 393.1475969851017,
          "corners": [
            [
              564.0364379882812,
              739.4583129882812
            ],
            [
              598.806884765625,
              738.5917358398438
            ],
            [
              599.0885620117188,
              749.8916625976562
            ],
            [
              564.318115234375,
              750.7582397460938
            ]
          ],
          "vehicle_box": [
            513,
            638,
            685,
            769
          ],
          "vehicle_conf": 0.74462890625,
          "ocr_text": "冀JC5210",
          "ocr_conf": 0.7952295541763306,
          "rank": 3
        },
        {
          "frame_idx": 280,
          "track_id": 3,
          "score": 0.5271278615583779,
          "subscores": {
            "plate_area_score": 0.06686675836369395,
            "sharpness_score": 0.6138676862145171,
            "exposure_score": 0.9924479166666667,
            "contrast_score": 0.7670286214172986,
            "obb_score": 0.93994140625
          },
          "metrics": {
            "plate_area": 334.33379181846976,
            "laplacian_variance": 68.48155425919427,
            "gray_std": 49.08983177070711,
            "clipped_ratio": 0.0037760416666666667,
            "obb_confidence": 0.93994140625
          },
          "obb_score": 0.93994140625,
          "plate_area": 334.33379181846976,
          "corners": [
            [
              612.5255126953125,
              685.060791015625
            ],
            [
              643.015380859375,
              684.6399536132812
            ],
            [
              643.1666870117188,
              695.603271484375
            ],
            [
              612.6768188476562,
              696.0241088867188
            ]
          ],
          "vehicle_box": [
            571,
            601,
            713,
            709
          ],
          "vehicle_conf": 0.6923828125,
          "ocr_text": "辽153R10",
          "ocr_conf": 0.7093280553817749,
          "rank": 4
        }
      ]
    },
    "4": {
      "track_id": 4,